{"cameraMode":{"drawMode":0,"name":"Shaded","section":"Shading Mode"},"sceneLighting":true,"audioPlay":false,"sceneViewState":{"m_AlwaysRefresh":false,"showFog":true,"showSkybox":true,"showFlares":true,"showImageEffects":true,"showParticleSystems":true,"showVisualEffectGraphs":true,"m_FxEnabled":true},"in2DMode":false,"pivot":{"x":-1.5132219791412354,"y":12.687435150146485,"z":1.1877727508544922},"rotation":{"x":-0.03808440640568733,"y":-0.09074071049690247,"z":0.001384114846587181,"w":0.9951463937759399},"size":5.276587963104248,"orthographic":false}