{"cameraMode":{"drawMode":0,"name":"Shaded","section":"Shading Mode"},"sceneLighting":true,"audioPlay":false,"sceneViewState":{"m_AlwaysRefresh":false,"showFog":true,"showSkybox":true,"showFlares":true,"showImageEffects":true,"showParticleSystems":true,"showVisualEffectGraphs":true,"m_FxEnabled":true},"in2DMode":false,"pivot":{"x":0.4454852044582367,"y":7.8508806228637699,"z":-0.06502199172973633},"rotation":{"x":0.09914321452379227,"y":0.15357337892055512,"z":-0.013389143161475659,"w":0.9830960035324097},"size":1.2559722661972047,"orthographic":false}