{"cameraMode":{"drawMode":0,"name":"Shaded","section":"Shading Mode"},"sceneLighting":true,"audioPlay":false,"sceneViewState":{"m_AlwaysRefresh":false,"showFog":true,"showSkybox":true,"showFlares":true,"showImageEffects":true,"showParticleSystems":true,"showVisualEffectGraphs":true,"m_FxEnabled":true},"in2DMode":false,"pivot":{"x":-7.840723037719727,"y":-1.201616883277893,"z":19.083829879760743},"rotation":{"x":0.08286944776773453,"y":-0.10847847163677216,"z":0.01115257479250431,"w":0.9906121492385864},"size":15.117029190063477,"orthographic":false}