{"cameraMode":{"drawMode":0,"name":"Shaded","section":"Shading Mode"},"sceneLighting":true,"audioPlay":false,"sceneViewState":{"m_AlwaysRefresh":false,"showFog":true,"showSkybox":true,"showFlares":true,"showImageEffects":true,"showParticleSystems":true,"showVisualEffectGraphs":true,"m_FxEnabled":true},"in2DMode":false,"pivot":{"x":-0.34562763571739199,"y":10.131881713867188,"z":30.45135498046875},"rotation":{"x":0.026995019987225534,"y":0.010792658664286137,"z":0.00029141793493181467,"w":-0.999576985836029},"size":16.610010147094728,"orthographic":false}