{"cameraMode":{"drawMode":0,"name":"Shaded","section":"Shading Mode"},"sceneLighting":true,"audioPlay":false,"sceneViewState":{"m_AlwaysRefresh":false,"showFog":true,"showSkybox":true,"showFlares":true,"showImageEffects":true,"showParticleSystems":true,"showVisualEffectGraphs":true,"m_FxEnabled":true},"in2DMode":false,"pivot":{"x":5.783560752868652,"y":4.123732566833496,"z":0.7248947620391846},"rotation":{"x":-0.000305982306599617,"y":-0.166327565908432,"z":0.00005034628338762559,"w":-0.9860740303993225},"size":5.617037296295166,"orthographic":false}