{"cameraMode":{"drawMode":0,"name":"Shaded","section":"Shading Mode"},"sceneLighting":true,"audioPlay":false,"sceneViewState":{"m_AlwaysRefresh":false,"showFog":true,"showSkybox":true,"showFlares":true,"showImageEffects":true,"showParticleSystems":true,"showVisualEffectGraphs":true,"m_FxEnabled":true},"in2DMode":false,"pivot":{"x":-16.632423400878908,"y":-10.195883750915528,"z":32.67425537109375},"rotation":{"x":-0.1411629170179367,"y":0.23431845009326936,"z":-0.034413695335388187,"w":-0.9612694382667542},"size":21.33670425415039,"orthographic":false}