{"cameraMode":{"drawMode":0,"name":"Shaded","section":"Shading Mode"},"sceneLighting":false,"audioPlay":false,"sceneViewState":{"m_AlwaysRefresh":false,"showFog":true,"showSkybox":false,"showFlares":true,"showImageEffects":true,"showParticleSystems":true,"showVisualEffectGraphs":true,"m_FxEnabled":true},"in2DMode":false,"pivot":{"x":-2.1666643619537355,"y":3.5197982788085939,"z":-5.826927185058594},"rotation":{"x":0.015612299554049969,"y":0.9807343482971191,"z":0.08819901943206787,"w":-0.1736033707857132},"size":3.461292266845703,"orthographic":false}