{"cameraMode":{"drawMode":0,"name":"Shaded","section":"Shading Mode"},"sceneLighting":false,"audioPlay":false,"sceneViewState":{"m_AlwaysRefresh":false,"showFog":true,"showSkybox":false,"showFlares":true,"showImageEffects":true,"showParticleSystems":true,"showVisualEffectGraphs":true,"m_FxEnabled":true},"in2DMode":false,"pivot":{"x":-0.5215575695037842,"y":0.14031283557415009,"z":-0.841180145740509},"rotation":{"x":-0.000011451250429672655,"y":-1.0000361204147339,"z":0.004454245790839195,"w":0.018161077052354814},"size":0.5603654980659485,"orthographic":false}