{"cameraMode":{"drawMode":0,"name":"Shaded","section":"Shading Mode"},"sceneLighting":false,"audioPlay":false,"sceneViewState":{"m_AlwaysRefresh":false,"showFog":true,"showSkybox":false,"showFlares":true,"showImageEffects":true,"showParticleSystems":true,"showVisualEffectGraphs":true,"m_FxEnabled":true},"in2DMode":false,"pivot":{"x":-0.25690215826034548,"y":-0.061562132090330127,"z":0.7113540768623352},"rotation":{"x":0.10471443831920624,"y":-0.017294708639383317,"z":0.02166658826172352,"w":0.9941205382347107},"size":1.6066876649856568,"orthographic":false}