{"cameraMode":{"drawMode":0,"name":"Shaded","section":"Shading Mode"},"sceneLighting":false,"audioPlay":false,"sceneViewState":{"m_AlwaysRefresh":false,"showFog":true,"showSkybox":false,"showFlares":true,"showImageEffects":true,"showParticleSystems":true,"showVisualEffectGraphs":true,"m_FxEnabled":true},"in2DMode":false,"pivot":{"x":0.06174391508102417,"y":-0.10084997117519379,"z":-0.07098998874425888},"rotation":{"x":-0.12826243042945863,"y":0.669398844242096,"z":-0.11891453713178635,"w":-0.72202068567276},"size":0.4886196255683899,"orthographic":false}