{"cameraMode":{"drawMode":0,"name":"Shaded","section":"Shading Mode"},"sceneLighting":false,"audioPlay":false,"sceneViewState":{"m_AlwaysRefresh":false,"showFog":true,"showSkybox":false,"showFlares":true,"showImageEffects":true,"showParticleSystems":true,"showVisualEffectGraphs":true,"m_FxEnabled":true},"in2DMode":false,"pivot":{"x":0.41641145944595339,"y":2.849992275238037,"z":-0.29537612199783327},"rotation":{"x":-0.09162880480289459,"y":0.033448752015829089,"z":-0.003081220667809248,"w":-0.9952293634414673},"size":0.3867816925048828,"orthographic":false}